onset	duration	trial_type	value	sample
47.255	0.0	n/a	128	47255
47.725	0.0	word/prime/unprimed	1	47725
48.227	0.0	word/target/unprimed	2	48227
51.503	0.0	n/a	128	51503
55.13	0.0	word/prime/unprimed	1	55130
55.632	0.0	nonword/target	10	55632
57.502	0.0	n/a	128	57502
60.462	0.0	word/prime/primed	5	60462
61.065	0.0	word/target/primed	6	61065
63.369	0.0	n/a	128	63369
65.143	0.0	word/prime/unprimed	1	65143
65.662	0.0	nonword/target	10	65662
67.716	0.0	n/a	128	67716
69.573	0.0	word/prime/unprimed	1	69573
70.058	0.0	nonword/target	10	70058
71.995	0.0	n/a	128	71995
73.702	0.0	word/prime/unprimed	1	73702
74.254	0.0	nonword/target	10	74254
75.924	0.0	n/a	128	75924
76.393	0.0	word/prime/unprimed	1	76393
76.929	0.0	nonword/target	10	76929
78.598	0.0	n/a	128	78598
78.883	0.0	word/prime/primed	5	78883
79.386	0.0	word/target/primed	6	79386
81.724	0.0	n/a	128	81724
83.765	0.0	word/prime/unprimed	1	83765
87.36	0.0	nonword/target	10	87360
89.063	0.0	n/a	128	89063
91.722	0.0	word/prime/unprimed	1	91722
92.475	0.0	word/target/unprimed	2	92475
95.114	0.0	n/a	128	95114
95.583	0.0	word/prime/unprimed	1	95583
96.119	0.0	word/target/unprimed	2	96119
98.591	0.0	n/a	128	98591
100.648	0.0	word/prime/unprimed	1	100648
101.201	0.0	nonword/target	10	101201
102.937	0.0	n/a	128	102937
103.54	0.0	nonword/prime	9	103540
105.244	0.0	n/a	128	105244
106.867	0.0	word/prime/unprimed	1	106867
107.453	0.0	word/target/unprimed	2	107453
109.975	0.0	n/a	128	109975
110.561	0.0	word/prime/unprimed	1	110561
111.598	0.0	word/target/unprimed	2	111598
114.255	0.0	n/a	128	114255
115.71	0.0	word/prime/unprimed	1	115710
116.296	0.0	nonword/target	10	116296
117.932	0.0	n/a	128	117932
118.351	0.0	nonword/prime	9	118351
122.345	0.0	n/a	128	122345
123.081	0.0	word/prime/unprimed	1	123081
123.685	0.0	word/target/unprimed	2	123685
127.142	0.0	n/a	128	127142
128.347	0.0	word/prime/unprimed	1	128347
128.95	0.0	nonword/target	10	128950
130.887	0.0	n/a	128	130887
131.339	0.0	nonword/prime	9	131339
134.397	0.0	n/a	128	134397
135.084	0.0	word/prime/unprimed	1	135084
135.787	0.0	nonword/target	10	135787
138.159	0.0	n/a	128	138159
138.929	0.0	word/prime/unprimed	1	138929
139.565	0.0	nonword/target	10	139565
141.435	0.0	n/a	128	141435
143.309	0.0	nonword/prime	9	143309
145.196	0.0	n/a	128	145196
145.966	0.0	word/prime/unprimed	1	145966
146.469	0.0	nonword/target	10	146469
148.79	0.0	n/a	128	148790
149.126	0.0	nonword/prime	9	149126
151.498	0.0	n/a	128	151498
151.834	0.0	nonword/prime	9	151834
154.006	0.0	n/a	128	154006
155.143	0.0	word/prime/unprimed	1	155143
155.796	0.0	word/target/unprimed	2	155796
158.269	0.0	n/a	128	158269
158.503	0.0	word/prime/primed	5	158503
159.09	0.0	word/target/primed	6	159090
161.645	0.0	n/a	128	161645
163.084	0.0	word/prime/primed	5	163084
163.737	0.0	word/target/primed	6	163737
167.145	0.0	n/a	128	167145
168.851	0.0	nonword/prime	9	168851
170.906	0.0	n/a	128	170906
172.445	0.0	word/prime/unprimed	1	172445
173.048	0.0	word/target/unprimed	2	173048
175.52	0.0	n/a	128	175520
176.073	0.0	word/prime/unprimed	1	176073
176.725	0.0	nonword/target	10	176725
178.562	0.0	n/a	128	178562
178.998	0.0	word/prime/unprimed	1	178998
179.584	0.0	nonword/target	10	179584
181.253	0.0	n/a	128	181253
181.589	0.0	word/prime/primed	5	181589
182.175	0.0	word/target/primed	6	182175
184.697	0.0	n/a	128	184697
184.982	0.0	word/prime/unprimed	1	184982
185.568	0.0	word/target/unprimed	2	185568
187.706	0.0	n/a	128	187706
189.212	0.0	word/prime/unprimed	1	189212
189.764	0.0	word/target/unprimed	2	189764
192.103	0.0	n/a	128	192103
192.588	0.0	word/prime/primed	5	192588
193.091	0.0	word/target/primed	6	193091
195.362	0.0	n/a	128	195362
196.65	0.0	word/prime/unprimed	1	196650
197.37	0.0	word/target/unprimed	2	197370
199.792	0.0	n/a	128	199792
200.144	0.0	word/prime/unprimed	1	200144
200.646	0.0	nonword/target	10	200646
202.517	0.0	n/a	128	202517
203.772	0.0	word/prime/unprimed	1	203772
204.441	0.0	word/target/unprimed	2	204441
206.746	0.0	n/a	128	206746
208.051	0.0	word/prime/unprimed	1	208051
208.603	0.0	word/target/unprimed	2	208603
210.59	0.0	n/a	128	210590
211.478	0.0	word/prime/unprimed	1	211478
212.014	0.0	nonword/target	10	212014
213.934	0.0	n/a	128	213934
214.336	0.0	word/prime/primed	5	214336
214.855	0.0	word/target/primed	6	214855
217.143	0.0	n/a	128	217143
219.385	0.0	word/prime/unprimed	1	219385
219.937	0.0	word/target/unprimed	2	219937
222.208	0.0	n/a	128	222208
225.319	0.0	word/prime/primed	5	225319
226.323	0.0	word/target/primed	6	226323
228.811	0.0	n/a	128	228811
229.181	0.0	nonword/prime	9	229181
230.984	0.0	n/a	128	230984
231.253	0.0	nonword/prime	9	231253
233.258	0.0	n/a	128	233258
233.493	0.0	word/prime/primed	5	233493
234.146	0.0	word/target/primed	6	234146
236.451	0.0	n/a	128	236451
236.77	0.0	word/prime/unprimed	1	236770
237.322	0.0	word/target/unprimed	2	237322
239.109	0.0	n/a	128	239109
239.511	0.0	word/prime/unprimed	1	239511
240.047	0.0	word/target/unprimed	2	240047
241.95	0.0	n/a	128	241950
242.369	0.0	word/prime/unprimed	1	242369
242.872	0.0	nonword/target	10	242872
244.307	0.0	n/a	128	244307
244.777	0.0	word/prime/primed	5	244777
245.48	0.0	word/target/primed	6	245480
247.701	0.0	n/a	128	247701
247.986	0.0	nonword/prime	9	247986
249.607	0.0	n/a	128	249607
249.875	0.0	nonword/prime	9	249875
251.612	0.0	n/a	128	251612
253.168	0.0	word/prime/primed	5	253168
253.905	0.0	word/target/primed	6	253905
256.744	0.0	n/a	128	256744
257.113	0.0	word/prime/unprimed	1	257113
257.599	0.0	nonword/target	10	257599
259.268	0.0	n/a	128	259268
260.674	0.0	word/prime/unprimed	1	260674
261.21	0.0	word/target/unprimed	2	261210
263.197	0.0	n/a	128	263197
263.466	0.0	nonword/prime	9	263466
265.403	0.0	n/a	128	265403
265.656	0.0	word/prime/unprimed	1	265656
266.994	0.0	nonword/target	10	266994
268.73	0.0	n/a	128	268730
270.119	0.0	word/prime/primed	5	270119
270.738	0.0	word/target/primed	6	270738
273.076	0.0	n/a	128	273076
273.379	0.0	word/prime/unprimed	1	273379
275.166	0.0	n/a	128	275166
276.32	0.0	nonword/prime	9	276320
279.061	0.0	n/a	128	279061
279.446	0.0	word/prime/primed	5	279446
280.116	0.0	word/target/primed	6	280116
282.387	0.0	n/a	128	282387
282.639	0.0	word/prime/primed	5	282639
283.208	0.0	word/target/primed	6	283208
285.313	0.0	n/a	128	285313
286.501	0.0	word/prime/unprimed	1	286501
287.003	0.0	nonword/target	10	287003
288.572	0.0	n/a	128	288572
289.761	0.0	word/prime/unprimed	1	289761
291.665	0.0	n/a	128	291665
292.034	0.0	word/prime/unprimed	1	292034
292.653	0.0	word/target/unprimed	2	292653
295.159	0.0	n/a	128	295159
295.427	0.0	nonword/prime	9	295427
297.181	0.0	n/a	128	297181
297.417	0.0	word/prime/primed	5	297417
297.952	0.0	word/target/primed	6	297952
300.157	0.0	n/a	128	300157
301.161	0.0	word/prime/unprimed	1	301161
301.981	0.0	nonword/target	10	301981
304.486	0.0	n/a	128	304486
304.838	0.0	word/prime/unprimed	1	304838
305.726	0.0	nonword/target	10	305726
307.445	0.0	n/a	128	307445
307.68	0.0	word/prime/unprimed	1	307680
308.25	0.0	nonword/target	10	308250
310.354	0.0	n/a	128	310354
310.606	0.0	word/prime/primed	5	310606
311.476	0.0	word/target/primed	6	311476
313.881	0.0	n/a	128	313881
315.253	0.0	word/prime/unprimed	1	315253
316.19	0.0	word/target/unprimed	2	316190
320.534	0.0	n/a	128	320534
321.522	0.0	word/prime/unprimed	1	321522
322.141	0.0	nonword/target	10	322141
324.178	0.0	n/a	128	324178
324.497	0.0	word/prime/unprimed	1	324497
325.066	0.0	nonword/target	10	325066
327.538	0.0	n/a	128	327538
328.793	0.0	word/prime/primed	5	328793
330.014	0.0	word/target/primed	6	330014
333.439	0.0	n/a	128	333439
334.009	0.0	word/prime/unprimed	1	334009
334.628	0.0	nonword/target	10	334628
336.398	0.0	n/a	128	336398
336.75	0.0	word/prime/unprimed	1	336750
337.403	0.0	word/target/unprimed	2	337403
340.192	0.0	n/a	128	340192
340.511	0.0	word/prime/unprimed	1	340511
341.047	0.0	nonword/target	10	341047
342.817	0.0	n/a	128	342817
343.069	0.0	word/prime/unprimed	1	343069
344.006	0.0	nonword/target	10	344006
345.926	0.0	n/a	128	345926
346.997	0.0	word/prime/unprimed	1	346997
347.6	0.0	word/target/unprimed	2	347600
350.39	0.0	n/a	128	350390
350.658	0.0	word/prime/unprimed	1	350658
351.495	0.0	nonword/target	10	351495
353.432	0.0	n/a	128	353432
353.717	0.0	word/prime/unprimed	1	353717
354.587	0.0	nonword/target	10	354587
356.374	0.0	n/a	128	356374
356.826	0.0	word/prime/primed	5	356826
357.379	0.0	word/target/primed	6	357379
360.152	0.0	n/a	128	360152
361.892	0.0	word/prime/unprimed	1	361892
363.013	0.0	nonword/target	10	363013
364.916	0.0	n/a	128	364916
365.185	0.0	word/prime/unprimed	1	365185
366.138	0.0	word/target/unprimed	2	366138
368.744	0.0	n/a	128	368744
369.497	0.0	word/prime/unprimed	1	369497
370.133	0.0	nonword/target	10	370133
371.853	0.0	n/a	128	371853
372.172	0.0	word/prime/unprimed	1	372172
374.043	0.0	n/a	128	374043
375.014	0.0	word/prime/unprimed	1	375014
375.55	0.0	nonword/target	10	375550
377.921	0.0	n/a	128	377921
378.892	0.0	word/prime/unprimed	1	378892
379.478	0.0	nonword/target	10	379478
381.683	0.0	n/a	128	381683
381.967	0.0	word/prime/unprimed	1	381967
382.504	0.0	word/target/unprimed	2	382504
384.809	0.0	n/a	128	384809
385.044	0.0	word/prime/unprimed	1	385044
385.73	0.0	nonword/target	10	385730
387.416	0.0	n/a	128	387416
388.37	0.0	word/prime/primed	5	388370
388.923	0.0	word/target/primed	6	388923
391.662	0.0	n/a	128	391662
391.947	0.0	word/prime/unprimed	1	391947
392.5	0.0	word/target/unprimed	2	392500
394.922	0.0	n/a	128	394922
395.742	0.0	word/prime/unprimed	1	395742
396.295	0.0	nonword/target	10	396295
398.115	0.0	n/a	128	398115
399.052	0.0	word/prime/unprimed	1	399052
399.855	0.0	nonword/target	10	399855
401.692	0.0	n/a	128	401692
402.078	0.0	word/prime/unprimed	1	402078
402.63	0.0	nonword/target	10	402630
404.3	0.0	n/a	128	404300
405.17	0.0	word/prime/primed	5	405170
405.856	0.0	word/target/primed	6	405856
408.479	0.0	n/a	128	408479
408.764	0.0	nonword/prime	9	408764
410.886	0.0	n/a	128	410886
411.305	0.0	nonword/prime	9	411305
413.093	0.0	n/a	128	413093
415.066	0.0	word/prime/primed	5	415066
415.652	0.0	word/target/primed	6	415652
418.074	0.0	n/a	128	418074
418.543	0.0	word/prime/primed	5	418543
419.297	0.0	word/target/primed	6	419297
422.337	0.0	n/a	128	422337
423.09	0.0	word/prime/unprimed	1	423090
425.379	0.0	n/a	128	425379
425.732	0.0	word/prime/unprimed	1	425732
426.685	0.0	word/target/unprimed	2	426685
429.859	0.0	n/a	128	429859
430.278	0.0	nonword/prime	9	430278
432.851	0.0	n/a	128	432851
433.354	0.0	nonword/prime	9	433354
435.208	0.0	n/a	128	435208
435.494	0.0	word/prime/unprimed	1	435494
436.598	0.0	nonword/target	10	436598
439.304	0.0	n/a	128	439304
439.756	0.0	nonword/prime	9	439756
441.46	0.0	n/a	128	441460
441.746	0.0	nonword/prime	9	441746
443.332	0.0	n/a	128	443332
443.701	0.0	word/prime/primed	5	443701
444.421	0.0	word/target/primed	6	444421
447.144	0.0	n/a	128	447144
448.75	0.0	word/prime/primed	5	448750
449.403	0.0	word/target/primed	6	449403
452.376	0.0	n/a	128	452376
452.795	0.0	word/prime/unprimed	1	452795
454.083	0.0	word/target/unprimed	2	454083
457.508	0.0	n/a	128	457508
458.244	0.0	word/prime/unprimed	1	458244
458.864	0.0	word/target/unprimed	2	458864
461.704	0.0	n/a	128	461704
461.956	0.0	word/prime/unprimed	1	461956
462.726	0.0	word/target/unprimed	2	462726
464.93	0.0	n/a	128	464930
465.449	0.0	word/prime/unprimed	1	465449
466.002	0.0	nonword/target	10	466002
467.755	0.0	n/a	128	467755
468.04	0.0	nonword/prime	9	468040
469.878	0.0	n/a	128	469878
470.213	0.0	nonword/prime	9	470213
472.603	0.0	n/a	128	472603
473.808	0.0	nonword/prime	9	473808
475.829	0.0	n/a	128	475829
476.231	0.0	word/prime/unprimed	1	476231
477.051	0.0	nonword/target	10	477051
478.838	0.0	n/a	128	478838
479.073	0.0	word/prime/primed	5	479073
479.877	0.0	word/target/primed	6	479877
483.218	0.0	n/a	128	483218
483.553	0.0	word/prime/unprimed	1	483553
484.373	0.0	nonword/target	10	484373
486.26	0.0	n/a	128	486260
486.512	0.0	word/prime/unprimed	1	486512
487.098	0.0	word/target/unprimed	2	487098
489.67	0.0	n/a	128	489670
489.905	0.0	nonword/prime	9	489905
491.827	0.0	n/a	128	491827
492.079	0.0	word/prime/unprimed	1	492079
492.614	0.0	nonword/target	10	492614
495.12	0.0	n/a	128	495120
495.506	0.0	word/prime/unprimed	1	495506
496.041	0.0	nonword/target	10	496041
498.028	0.0	n/a	128	498028
498.297	0.0	nonword/prime	9	498297
500.302	0.0	n/a	128	500302
501.356	0.0	word/prime/primed	5	501356
502.042	0.0	word/target/primed	6	502042
504.28	0.0	n/a	128	504280
504.615	0.0	word/prime/unprimed	1	504615
505.135	0.0	nonword/target	10	505135
506.921	0.0	n/a	128	506921
507.156	0.0	word/prime/primed	5	507156
507.81	0.0	word/target/primed	6	507810
509.88	0.0	n/a	128	509880
510.115	0.0	word/prime/unprimed	1	510115
510.818	0.0	nonword/target	10	510818
513.006	0.0	n/a	128	513006
513.409	0.0	word/prime/primed	5	513409
513.928	0.0	word/target/primed	6	513928
516.45	0.0	n/a	128	516450
516.802	0.0	word/prime/unprimed	1	516802
517.455	0.0	word/target/unprimed	2	517455
520.361	0.0	n/a	128	520361
521.249	0.0	word/prime/primed	5	521249
521.784	0.0	word/target/primed	6	521784
524.507	0.0	n/a	128	524507
525.077	0.0	word/prime/unprimed	1	525077
525.646	0.0	nonword/target	10	525646
527.767	0.0	n/a	128	527767
528.086	0.0	nonword/prime	9	528086
529.89	0.0	n/a	128	529890
531.011	0.0	nonword/prime	9	531011
532.665	0.0	n/a	128	532665
532.984	0.0	word/prime/primed	5	532984
533.603	0.0	word/target/primed	6	533603
537.262	0.0	n/a	128	537262
537.781	0.0	nonword/prime	9	537781
539.401	0.0	n/a	128	539401
539.82	0.0	word/prime/unprimed	1	539820
540.406	0.0	nonword/target	10	540406
542.159	0.0	n/a	128	542159
542.512	0.0	word/prime/unprimed	1	542512
543.081	0.0	nonword/target	10	543081
544.717	0.0	n/a	128	544717
545.053	0.0	word/prime/unprimed	1	545053
545.622	0.0	nonword/target	10	545622
547.191	0.0	n/a	128	547191
547.526	0.0	word/prime/unprimed	1	547526
548.012	0.0	word/target/unprimed	2	548012
550.284	0.0	n/a	128	550284
550.619	0.0	word/prime/unprimed	1	550619
551.139	0.0	nonword/target	10	551139
553.025	0.0	n/a	128	553025
553.461	0.0	word/prime/unprimed	1	553461
553.997	0.0	word/target/unprimed	2	553997
556.285	0.0	n/a	128	556285
556.888	0.0	nonword/prime	9	556888
558.525	0.0	n/a	128	558525
558.944	0.0	nonword/prime	9	558944
560.614	0.0	n/a	128	560614
560.933	0.0	nonword/prime	9	560933
562.604	0.0	n/a	128	562604
563.942	0.0	nonword/prime	9	563942
565.546	0.0	n/a	128	565546
565.831	0.0	word/prime/primed	5	565831
566.434	0.0	word/target/primed	6	566434
568.906	0.0	n/a	128	568906
569.425	0.0	word/prime/unprimed	1	569425
569.994	0.0	word/target/unprimed	2	569994
572.684	0.0	n/a	128	572684
573.103	0.0	nonword/prime	9	573103
574.823	0.0	n/a	128	574823
575.393	0.0	word/prime/unprimed	1	575393
575.962	0.0	word/target/unprimed	2	575962
578.668	0.0	n/a	128	578668
579.137	0.0	nonword/prime	9	579137
580.875	0.0	n/a	128	580875
581.243	0.0	word/prime/unprimed	1	581243
581.763	0.0	nonword/target	10	581763
583.449	0.0	n/a	128	583449
583.868	0.0	word/prime/unprimed	1	583868
584.354	0.0	nonword/target	10	584354
585.973	0.0	n/a	128	585973
586.242	0.0	nonword/prime	9	586242
587.896	0.0	n/a	128	587896
589.133	0.0	word/prime/primed	5	589133
589.736	0.0	word/target/primed	6	589736
592.492	0.0	n/a	128	592492
592.845	0.0	word/prime/primed	5	592845
593.414	0.0	word/target/primed	6	593414
595.602	0.0	n/a	128	595602
595.837	0.0	nonword/prime	9	595837
597.457	0.0	n/a	128	597457
597.726	0.0	word/prime/unprimed	1	597726
598.228	0.0	word/target/unprimed	2	598228
600.282	0.0	n/a	128	600282
600.551	0.0	word/prime/unprimed	1	600551
601.037	0.0	nonword/target	10	601037
602.439	0.0	n/a	128	602439
603.493	0.0	nonword/prime	9	603493
605.197	0.0	n/a	128	605197
606.084	0.0	word/prime/unprimed	1	606084
606.637	0.0	word/target/unprimed	2	606637
608.674	0.0	n/a	128	608674
609.009	0.0	word/prime/unprimed	1	609009
609.478	0.0	nonword/target	10	609478
611.048	0.0	n/a	128	611048
612.069	0.0	word/prime/unprimed	1	612069
612.521	0.0	nonword/target	10	612521
614.324	0.0	n/a	128	614324
614.626	0.0	word/prime/unprimed	1	614626
615.162	0.0	nonword/target	10	615162
616.848	0.0	n/a	128	616848
617.2	0.0	word/prime/unprimed	1	617200
618.07	0.0	nonword/target	10	618070
620.442	0.0	n/a	128	620442
621.413	0.0	word/prime/unprimed	1	621413
622.434	0.0	nonword/target	10	622434
624.07	0.0	n/a	128	624070
624.388	0.0	word/prime/unprimed	1	624388
624.958	0.0	nonword/target	10	624958
626.611	0.0	n/a	128	626611
628.25	0.0	word/prime/unprimed	1	628250
629.455	0.0	nonword/target	10	629455
631.107	0.0	n/a	128	631107
631.342	0.0	word/prime/unprimed	1	631342
632.012	0.0	nonword/target	10	632012
633.932	0.0	n/a	128	633932
634.268	0.0	word/prime/unprimed	1	634268
634.887	0.0	word/target/unprimed	2	634887
636.59	0.0	n/a	128	636590
637.293	0.0	word/prime/primed	5	637293
637.829	0.0	word/target/primed	6	637829
640.134	0.0	n/a	128	640134
640.386	0.0	word/prime/primed	5	640386
641.156	0.0	word/target/primed	6	641156
643.561	0.0	n/a	128	643561
643.963	0.0	nonword/prime	9	643963
645.801	0.0	n/a	128	645801
646.805	0.0	word/prime/unprimed	1	646805
647.759	0.0	nonword/target	10	647759
649.445	0.0	n/a	128	649445
650.332	0.0	word/prime/unprimed	1	650332
650.885	0.0	nonword/target	10	650885
652.504	0.0	n/a	128	652504
652.79	0.0	word/prime/unprimed	1	652790
653.376	0.0	nonword/target	10	653376
655.296	0.0	n/a	128	655296
655.582	0.0	word/prime/unprimed	1	655582
656.735	0.0	nonword/target	10	656735
658.438	0.0	n/a	128	658438
658.757	0.0	word/prime/unprimed	1	658757
659.427	0.0	nonword/target	10	659427
661.08	0.0	n/a	128	661080
661.515	0.0	nonword/prime	9	661515
663.32	0.0	n/a	128	663320
663.672	0.0	word/prime/unprimed	1	663672
664.576	0.0	nonword/target	10	664576
666.246	0.0	n/a	128	666246
667.199	0.0	word/prime/unprimed	1	667199
667.802	0.0	word/target/unprimed	2	667802
669.939	0.0	n/a	128	669939
670.325	0.0	nonword/prime	9	670325
671.995	0.0	n/a	128	671995
672.916	0.0	nonword/prime	9	672916
674.62	0.0	n/a	128	674620
674.872	0.0	word/prime/unprimed	1	674872
675.658	0.0	nonword/target	10	675658
677.261	0.0	n/a	128	677261
677.513	0.0	word/prime/primed	5	677513
678.216	0.0	word/target/primed	6	678216
682.343	0.0	n/a	128	682343
683.297	0.0	word/prime/primed	5	683297
684.017	0.0	word/target/primed	6	684017
686.455	0.0	n/a	128	686455
686.975	0.0	word/prime/primed	5	686975
687.928	0.0	word/target/primed	6	687928
691.353	0.0	n/a	128	691353
691.789	0.0	word/prime/unprimed	1	691789
693.345	0.0	nonword/target	10	693345
695.031	0.0	n/a	128	695031
696.336	0.0	word/prime/unprimed	1	696336
697.156	0.0	word/target/unprimed	2	697156
701.015	0.0	n/a	128	701015
701.434	0.0	word/prime/unprimed	1	701434
702.037	0.0	nonword/target	10	702037
703.874	0.0	n/a	128	703874
704.427	0.0	word/prime/unprimed	1	704427
705.046	0.0	nonword/target	10	705046
706.899	0.0	n/a	128	706899
707.235	0.0	word/prime/unprimed	1	707235
707.804	0.0	nonword/target	10	707804
710.192	0.0	n/a	128	710192
710.846	0.0	word/prime/unprimed	1	710846
711.482	0.0	nonword/target	10	711482
713.084	0.0	n/a	128	713084
713.37	0.0	word/prime/primed	5	713370
713.955	0.0	word/target/primed	6	713955
716.194	0.0	n/a	128	716194
716.429	0.0	word/prime/primed	5	716429
717.433	0.0	word/target/primed	6	717433
721.259	0.0	n/a	128	721259
722.33	0.0	nonword/prime	9	722330
724.201	0.0	n/a	128	724201
725.489	0.0	word/prime/unprimed	1	725489
726.326	0.0	word/target/unprimed	2	726326
731.957	0.0	n/a	128	731957
732.326	0.0	word/prime/unprimed	1	732326
733.163	0.0	word/target/unprimed	2	733163
736.303	0.0	n/a	128	736303
736.689	0.0	nonword/prime	9	736689
738.577	0.0	n/a	128	738577
738.862	0.0	word/prime/primed	5	738862
739.682	0.0	word/target/primed	6	739682
742.054	0.0	n/a	128	742054
742.439	0.0	word/prime/primed	5	742439
743.075	0.0	word/target/primed	6	743075
745.414	0.0	n/a	128	745414
745.766	0.0	word/prime/unprimed	1	745766
746.302	0.0	nonword/target	10	746302
748.339	0.0	n/a	128	748339
748.625	0.0	word/prime/unprimed	1	748625
749.227	0.0	nonword/target	10	749227
750.947	0.0	n/a	128	750947
751.901	0.0	nonword/prime	9	751901
753.638	0.0	n/a	128	753638
753.89	0.0	word/prime/unprimed	1	753890
754.476	0.0	nonword/target	10	754476
756.129	0.0	n/a	128	756129
756.465	0.0	word/prime/primed	5	756465
756.95	0.0	word/target/primed	6	756950
759.506	0.0	n/a	128	759506
760.309	0.0	word/prime/unprimed	1	760309
761.012	0.0	nonword/target	10	761012
762.815	0.0	n/a	128	762815
763.101	0.0	nonword/prime	9	763101
764.871	0.0	n/a	128	764871
765.14	0.0	word/prime/unprimed	1	765140
766.094	0.0	nonword/target	10	766094
767.947	0.0	n/a	128	767947
768.333	0.0	word/prime/unprimed	1	768333
769.003	0.0	nonword/target	10	769003
770.722	0.0	n/a	128	770722
771.659	0.0	word/prime/unprimed	1	771659
772.279	0.0	nonword/target	10	772279
773.882	0.0	n/a	128	773882
774.401	0.0	nonword/prime	9	774401
776.089	0.0	n/a	128	776089
776.357	0.0	word/prime/unprimed	1	776357
777.311	0.0	word/target/unprimed	2	777311
780.134	0.0	n/a	128	780134
780.519	0.0	word/prime/primed	5	780519
781.139	0.0	word/target/primed	6	781139
785.032	0.0	n/a	128	785032
785.501	0.0	word/prime/primed	5	785501
786.137	0.0	word/target/primed	6	786137
788.709	0.0	n/a	128	788709
789.078	0.0	word/prime/unprimed	1	789078
789.698	0.0	word/target/unprimed	2	789698
792.487	0.0	n/a	128	792487
792.756	0.0	word/prime/unprimed	1	792756
793.592	0.0	nonword/target	10	793592
795.462	0.0	n/a	128	795462
796.484	0.0	word/prime/primed	5	796484
797.036	0.0	word/target/primed	6	797036
799.708	0.0	n/a	128	799708
800.027	0.0	word/prime/unprimed	1	800027
800.63	0.0	nonword/target	10	800630
810.039	0.0	n/a	128	810039
810.743	0.0	word/prime/unprimed	1	810743
811.396	0.0	word/target/unprimed	2	811396
814.051	0.0	n/a	128	814051
814.821	0.0	word/prime/unprimed	1	814821
815.851	0.0	nonword/target	10	815851
817.98	0.0	n/a	128	817980
819.034	0.0	nonword/prime	9	819034
820.804	0.0	n/a	128	820804
821.24	0.0	word/prime/unprimed	1	821240
822.12	0.0	nonword/target	10	822120
827.324	0.0	n/a	128	827324
827.76	0.0	word/prime/unprimed	1	827760
828.379	0.0	nonword/target	10	828379
830.149	0.0	n/a	128	830149
830.534	0.0	word/prime/primed	5	830534
831.505	0.0	word/target/primed	6	831505
837.421	0.0	n/a	128	837421
839.127	0.0	word/prime/primed	5	839127
840.131	0.0	word/target/primed	6	840131
844.893	0.0	n/a	128	844893
845.813	0.0	word/prime/unprimed	1	845813
847.202	0.0	word/target/unprimed	2	847202
850.208	0.0	n/a	128	850208
850.728	0.0	word/prime/unprimed	1	850728
851.28	0.0	nonword/target	10	851280
853.034	0.0	n/a	128	853034
853.637	0.0	word/prime/unprimed	1	853637
854.64	0.0	nonword/target	10	854640
857.012	0.0	n/a	128	857012
857.414	0.0	word/prime/unprimed	1	857414
858.184	0.0	nonword/target	10	858184
860.005	0.0	n/a	128	860005
860.373	0.0	nonword/prime	9	860373
862.144	0.0	n/a	128	862144
863.165	0.0	word/prime/unprimed	1	863165
864.002	0.0	nonword/target	10	864002
869.767	0.0	n/a	128	869767
870.236	0.0	word/prime/unprimed	1	870236
870.956	0.0	nonword/target	10	870956
877.072	0.0	n/a	128	877072
877.892	0.0	word/prime/unprimed	1	877892
878.746	0.0	word/target/unprimed	2	878746
881.919	0.0	n/a	128	881919
882.623	0.0	word/prime/unprimed	1	882623
883.526	0.0	nonword/target	10	883526
885.33	0.0	n/a	128	885330
885.749	0.0	word/prime/unprimed	1	885749
886.435	0.0	nonword/target	10	886435
889.609	0.0	n/a	128	889609
889.894	0.0	word/prime/unprimed	1	889894
891.567	0.0	nonword/target	10	891567
1048.828	0.0	n/a	128	1048828
1049.331	0.0	nonword/prime	9	1049331
1050.901	0.0	n/a	128	1050901
1051.203	0.0	word/prime/unprimed	1	1051203
1051.789	0.0	nonword/target	10	1051789
1053.542	0.0	n/a	128	1053542
1053.794	0.0	word/prime/unprimed	1	1053794
1054.464	0.0	nonword/target	10	1054464
1056.2	0.0	n/a	128	1056200
1056.435	0.0	word/prime/primed	5	1056435
1057.155	0.0	word/target/primed	6	1057155
1059.46	0.0	n/a	128	1059460
1059.728	0.0	word/prime/unprimed	1	1059728
1061.033	0.0	word/target/unprimed	2	1061033
1063.339	0.0	n/a	128	1063339
1063.624	0.0	word/prime/primed	5	1063624
1065.011	0.0	word/target/primed	6	1065011
1067.2	0.0	n/a	128	1067200
1067.485	0.0	nonword/prime	9	1067485
1069.239	0.0	n/a	128	1069239
1069.491	0.0	word/prime/primed	5	1069491
1070.11	0.0	word/target/primed	6	1070110
1072.432	0.0	n/a	128	1072432
1072.717	0.0	word/prime/unprimed	1	1072717
1073.27	0.0	nonword/target	10	1073270
1075.19	0.0	n/a	128	1075190
1075.459	0.0	word/prime/unprimed	1	1075459
1076.045	0.0	nonword/target	10	1076045
1078.817	0.0	n/a	128	1078817
1079.17	0.0	word/prime/primed	5	1079170
1079.739	0.0	word/target/primed	6	1079739
1081.876	0.0	n/a	128	1081876
1082.195	0.0	word/prime/unprimed	1	1082195
1082.698	0.0	nonword/target	10	1082698
1084.451	0.0	n/a	128	1084451
1084.703	0.0	word/prime/unprimed	1	1084703
1085.188	0.0	nonword/target	10	1085188
1086.791	0.0	n/a	128	1086791
1087.043	0.0	word/prime/unprimed	1	1087043
1087.596	0.0	nonword/target	10	1087596
1089.583	0.0	n/a	128	1089583
1089.818	0.0	word/prime/primed	5	1089818
1091.756	0.0	n/a	128	1091756
1092.141	0.0	nonword/prime	9	1092141
1093.962	0.0	n/a	128	1093962
1095.051	0.0	word/prime/unprimed	1	1095051
1096.405	0.0	word/target/unprimed	2	1096405
1098.526	0.0	n/a	128	1098526
1098.761	0.0	word/prime/unprimed	1	1098761
1099.314	0.0	nonword/target	10	1099314
1101.0	0.0	n/a	128	1101000
1101.887	0.0	nonword/prime	9	1101887
1103.842	0.0	n/a	128	1103842
1104.211	0.0	word/prime/unprimed	1	1104211
1105.332	0.0	word/target/unprimed	2	1105332
1108.038	0.0	n/a	128	1108038
1108.49	0.0	word/prime/unprimed	1	1108490
1109.076	0.0	nonword/target	10	1109076
1110.612	0.0	n/a	128	1110612
1110.964	0.0	word/prime/primed	5	1110964
1111.517	0.0	word/target/primed	6	1111517
1113.437	0.0	n/a	128	1113437
1113.689	0.0	word/prime/unprimed	1	1113689
1114.325	0.0	word/target/unprimed	2	1114325
1116.479	0.0	n/a	128	1116479
1117.316	0.0	word/prime/unprimed	1	1117316
1117.852	0.0	word/target/unprimed	2	1117852
1120.357	0.0	n/a	128	1120357
1120.626	0.0	word/prime/primed	5	1120626
1121.213	0.0	word/target/primed	6	1121213
1123.517	0.0	n/a	128	1123517
1124.287	0.0	word/prime/unprimed	1	1124287
1124.923	0.0	nonword/target	10	1124923
1127.011	0.0	n/a	128	1127011
1127.28	0.0	word/prime/unprimed	1	1127280
1127.782	0.0	nonword/target	10	1127782
1129.301	0.0	n/a	128	1129301
1129.553	0.0	word/prime/unprimed	1	1129553
1130.072	0.0	nonword/target	10	1130072
1131.992	0.0	n/a	128	1131992
1132.294	0.0	word/prime/unprimed	1	1132294
1132.847	0.0	word/target/unprimed	2	1132847
1135.335	0.0	n/a	128	1135335
1135.621	0.0	word/prime/unprimed	1	1135621
1136.14	0.0	nonword/target	10	1136140
1137.876	0.0	n/a	128	1137876
1138.697	0.0	word/prime/unprimed	1	1138697
1139.249	0.0	nonword/target	10	1139249
1140.969	0.0	n/a	128	1140969
1141.221	0.0	nonword/prime	9	1141221
1142.891	0.0	n/a	128	1142891
1143.277	0.0	nonword/prime	9	1143277
1145.098	0.0	n/a	128	1145098
1145.333	0.0	word/prime/primed	5	1145333
1146.002	0.0	word/target/primed	6	1146002
1148.173	0.0	n/a	128	1148173
1148.526	0.0	word/prime/unprimed	1	1148526
1149.58	0.0	nonword/target	10	1149580
1151.416	0.0	n/a	128	1151416
1151.668	0.0	nonword/prime	9	1151668
1153.423	0.0	n/a	128	1153423
1153.675	0.0	word/prime/unprimed	1	1153675
1154.26	0.0	nonword/target	10	1154260
1155.896	0.0	n/a	128	1155896
1157.386	0.0	word/prime/primed	5	1157386
1158.106	0.0	word/target/primed	6	1158106
1160.176	0.0	n/a	128	1160176
1160.528	0.0	nonword/prime	9	1160528
1162.098	0.0	n/a	128	1162098
1162.952	0.0	word/prime/unprimed	1	1162952
1163.471	0.0	nonword/target	10	1163471
1166.043	0.0	n/a	128	1166043
1166.396	0.0	word/prime/primed	5	1166396
1167.015	0.0	word/target/primed	6	1167015
1168.918	0.0	n/a	128	1168918
1169.806	0.0	word/prime/unprimed	1	1169806
1170.358	0.0	nonword/target	10	1170358
1171.977	0.0	n/a	128	1171977
1172.23	0.0	word/prime/unprimed	1	1172230
1172.749	0.0	nonword/target	10	1172749
1174.468	0.0	n/a	128	1174468
1174.72	0.0	word/prime/primed	5	1174720
1175.223	0.0	word/target/primed	6	1175223
1177.11	0.0	n/a	128	1177110
1177.429	0.0	word/prime/unprimed	1	1177429
1177.998	0.0	nonword/target	10	1177998
1179.6	0.0	n/a	128	1179600
1180.371	0.0	nonword/prime	9	1180371
1182.175	0.0	n/a	128	1182175
1182.494	0.0	nonword/prime	9	1182494
1184.297	0.0	n/a	128	1184297
1184.6	0.0	word/prime/primed	5	1184600
1186.654	0.0	n/a	128	1186654
1186.974	0.0	word/prime/unprimed	1	1186974
1187.509	0.0	nonword/target	10	1187509
1189.045	0.0	n/a	128	1189045
1189.297	0.0	word/prime/primed	5	1189297
1189.866	0.0	word/target/primed	6	1189866
1191.987	0.0	n/a	128	1191987
1192.256	0.0	word/prime/unprimed	1	1192256
1192.909	0.0	nonword/target	10	1192909
1194.996	0.0	n/a	128	1194996
1195.248	0.0	word/prime/primed	5	1195248
1196.703	0.0	word/target/primed	6	1196703
1198.54	0.0	n/a	128	1198540
1198.876	0.0	word/prime/unprimed	1	1198876
1199.461	0.0	word/target/unprimed	2	1199461
1201.448	0.0	n/a	128	1201448
1201.701	0.0	word/prime/unprimed	1	1201701
1202.136	0.0	nonword/target	10	1202136
1203.839	0.0	n/a	128	1203839
1204.091	0.0	nonword/prime	9	1204091
1205.845	0.0	n/a	128	1205845
1206.632	0.0	word/prime/primed	5	1206632
1207.301	0.0	word/target/primed	6	1207301
1209.322	0.0	n/a	128	1209322
1209.775	0.0	word/prime/unprimed	1	1209775
1210.411	0.0	word/target/unprimed	2	1210411
1212.298	0.0	n/a	128	1212298
1212.566	0.0	word/prime/unprimed	1	1212566
1213.052	0.0	nonword/target	10	1213052
1215.072	0.0	n/a	128	1215072
1215.325	0.0	nonword/prime	9	1215325
1216.995	0.0	n/a	128	1216995
1217.23	0.0	nonword/prime	9	1217230
1218.9	0.0	n/a	128	1218900
1219.136	0.0	word/prime/primed	5	1219136
1219.839	0.0	word/target/primed	6	1219839
1222.127	0.0	n/a	128	1222127
1222.479	0.0	word/prime/unprimed	1	1222479
1222.998	0.0	word/target/unprimed	2	1222998
1225.453	0.0	n/a	128	1225453
1225.689	0.0	word/prime/unprimed	1	1225689
1226.341	0.0	nonword/target	10	1226341
1227.961	0.0	n/a	128	1227961
1228.213	0.0	word/prime/unprimed	1	1228213
1228.832	0.0	nonword/target	10	1228832
1230.719	0.0	n/a	128	1230719
1231.071	0.0	word/prime/primed	5	1231071
1231.891	0.0	word/target/primed	6	1231891
1233.945	0.0	n/a	128	1233945
1234.281	0.0	nonword/prime	9	1234281
1235.951	0.0	n/a	128	1235951
1237.507	0.0	word/prime/primed	5	1237507
1238.093	0.0	word/target/primed	6	1238093
1240.297	0.0	n/a	128	1240297
1240.7	0.0	word/prime/unprimed	1	1240700
1241.253	0.0	nonword/target	10	1241253
1243.256	0.0	n/a	128	1243256
1243.542	0.0	word/prime/unprimed	1	1243542
1244.044	0.0	nonword/target	10	1244044
1245.681	0.0	n/a	128	1245681
1245.982	0.0	word/prime/unprimed	1	1245982
1246.518	0.0	word/target/unprimed	2	1246518
1248.539	0.0	n/a	128	1248539
1248.807	0.0	word/prime/unprimed	1	1248807
1249.276	0.0	word/target/unprimed	2	1249276
1252.333	0.0	n/a	128	1252333
1252.652	0.0	word/prime/unprimed	1	1252652
1253.171	0.0	nonword/target	10	1253171
1254.841	0.0	n/a	128	1254841
1255.076	0.0	word/prime/unprimed	1	1255076
1255.628	0.0	nonword/target	10	1255628
1257.666	0.0	n/a	128	1257666
1257.935	0.0	word/prime/primed	5	1257935
1258.454	0.0	word/target/primed	6	1258454
1260.775	0.0	n/a	128	1260775
1261.06	0.0	word/prime/unprimed	1	1261060
1261.53	0.0	nonword/target	10	1261530
1263.249	0.0	n/a	128	1263249
1263.501	0.0	word/prime/unprimed	1	1263501
1264.003	0.0	nonword/target	10	1264003
1265.623	0.0	n/a	128	1265623
1265.992	0.0	nonword/prime	9	1265992
1267.746	0.0	n/a	128	1267746
1268.015	0.0	word/prime/unprimed	1	1268015
1268.5	0.0	nonword/target	10	1268500
1270.019	0.0	n/a	128	1270019
1270.271	0.0	word/prime/unprimed	1	1270271
1270.773	0.0	nonword/target	10	1270773
1272.393	0.0	n/a	128	1272393
1272.661	0.0	word/prime/unprimed	1	1272661
1273.147	0.0	nonword/target	10	1273147
1274.883	0.0	n/a	128	1274883
1275.136	0.0	word/prime/unprimed	1	1275136
1275.688	0.0	nonword/target	10	1275688
1277.307	0.0	n/a	128	1277307
1277.56	0.0	nonword/prime	9	1277560
1279.397	0.0	n/a	128	1279397
1279.682	0.0	word/prime/unprimed	1	1279682
1280.235	0.0	nonword/target	10	1280235
1281.804	0.0	n/a	128	1281804
1282.056	0.0	word/prime/unprimed	1	1282056
1282.642	0.0	nonword/target	10	1282642
1284.261	0.0	n/a	128	1284261
1284.497	0.0	word/prime/unprimed	1	1284497
1285.016	0.0	nonword/target	10	1285016
1286.719	0.0	n/a	128	1286719
1287.807	0.0	word/prime/unprimed	1	1287807
1288.376	0.0	nonword/target	10	1288376
1289.912	0.0	n/a	128	1289912
1290.147	0.0	nonword/prime	9	1290147
1291.817	0.0	n/a	128	1291817
1292.053	0.0	word/prime/unprimed	1	1292053
1292.588	0.0	nonword/target	10	1292588
1294.475	0.0	n/a	128	1294475
1294.727	0.0	word/prime/unprimed	1	1294727
1295.246	0.0	nonword/target	10	1295246
1297.099	0.0	n/a	128	1297099
1297.335	0.0	word/prime/primed	5	1297335
1297.871	0.0	word/target/primed	6	1297871
1300.225	0.0	n/a	128	1300225
1300.528	0.0	word/prime/primed	5	1300528
1301.097	0.0	word/target/primed	6	1301097
1303.117	0.0	n/a	128	1303117
1303.353	0.0	word/prime/unprimed	1	1303353
1303.872	0.0	word/target/unprimed	2	1303872
1306.126	0.0	n/a	128	1306126
1306.545	0.0	nonword/prime	9	1306545
1308.834	0.0	n/a	128	1308834
1309.705	0.0	word/prime/unprimed	1	1309705
1310.241	0.0	nonword/target	10	1310241
1312.194	0.0	n/a	128	1312194
1312.497	0.0	word/prime/unprimed	1	1312497
1312.982	0.0	nonword/target	10	1312982
1314.434	0.0	n/a	128	1314434
1315.271	0.0	nonword/prime	9	1315271
1317.293	0.0	n/a	128	1317293
1317.562	0.0	word/prime/unprimed	1	1317562
1318.214	0.0	word/target/unprimed	2	1318214
1320.419	0.0	n/a	128	1320419
1320.704	0.0	word/prime/primed	5	1320704
1322.325	0.0	n/a	128	1322325
1322.577	0.0	word/prime/primed	5	1322577
1324.032	0.0	word/target/primed	6	1324032
1326.019	0.0	n/a	128	1326019
1326.372	0.0	word/prime/unprimed	1	1326372
1326.79	0.0	nonword/target	10	1326790
1328.476	0.0	n/a	128	1328476
1329.263	0.0	word/prime/unprimed	1	1329263
1329.765	0.0	nonword/target	10	1329765
1332.605	0.0	n/a	128	1332605
1333.342	0.0	word/prime/unprimed	1	1333342
1333.928	0.0	nonword/target	10	1333928
1335.647	0.0	n/a	128	1335647
1335.899	0.0	word/prime/unprimed	1	1335899
1336.419	0.0	nonword/target	10	1336419
1338.055	0.0	n/a	128	1338055
1338.307	0.0	word/prime/unprimed	1	1338307
1338.926	0.0	word/target/unprimed	2	1338926
1341.298	0.0	n/a	128	1341298
1341.583	0.0	nonword/prime	9	1341583
1343.504	0.0	n/a	128	1343504
1343.806	0.0	word/prime/unprimed	1	1343806
1344.626	0.0	word/target/unprimed	2	1344626
1347.048	0.0	n/a	128	1347048
1347.367	0.0	word/prime/unprimed	1	1347367
1347.953	0.0	nonword/target	10	1347953
1350.625	0.0	n/a	128	1350625
1350.994	0.0	nonword/prime	9	1350994
1352.882	0.0	n/a	128	1352882
1353.134	0.0	word/prime/unprimed	1	1353134
1353.653	0.0	nonword/target	10	1353653
1355.256	0.0	n/a	128	1355256
1356.143	0.0	word/prime/unprimed	1	1356143
1356.896	0.0	nonword/target	10	1356896
1358.616	0.0	n/a	128	1358616
1358.901	0.0	word/prime/unprimed	1	1358901
1359.487	0.0	nonword/target	10	1359487
1361.057	0.0	n/a	128	1361057
1361.292	0.0	word/prime/primed	5	1361292
1361.828	0.0	word/target/primed	6	1361828
1363.781	0.0	n/a	128	1363781
1364.033	0.0	word/prime/unprimed	1	1364033
1364.502	0.0	nonword/target	10	1364502
1365.971	0.0	n/a	128	1365971
1366.323	0.0	word/prime/primed	5	1366323
1366.876	0.0	word/target/primed	6	1366876
1368.679	0.0	n/a	128	1368679
1368.948	0.0	nonword/prime	9	1368948
1370.651	0.0	n/a	128	1370651
1372.174	0.0	word/prime/primed	5	1372174
1372.76	0.0	word/target/primed	6	1372760
1374.831	0.0	n/a	128	1374831
1375.568	0.0	word/prime/unprimed	1	1375568
1376.104	0.0	nonword/target	10	1376104
1379.528	0.0	n/a	128	1379528
1379.847	0.0	word/prime/primed	5	1379847
1380.867	0.0	word/target/primed	6	1380867
1382.821	0.0	n/a	128	1382821
1383.274	0.0	word/prime/unprimed	1	1383274
1383.809	0.0	word/target/unprimed	2	1383809
1385.997	0.0	n/a	128	1385997
1386.233	0.0	nonword/prime	9	1386233
1387.802	0.0	n/a	128	1387802
1388.071	0.0	word/prime/unprimed	1	1388071
1388.557	0.0	nonword/target	10	1388557
1390.494	0.0	n/a	128	1390494
1390.813	0.0	word/prime/unprimed	1	1390813
1391.382	0.0	nonword/target	10	1391382
1393.236	0.0	n/a	128	1393236
1393.537	0.0	word/prime/primed	5	1393537
1394.257	0.0	word/target/primed	6	1394257
1396.161	0.0	n/a	128	1396161
1396.446	0.0	word/prime/unprimed	1	1396446
1397.032	0.0	nonword/target	10	1397032
1398.618	0.0	n/a	128	1398618
1399.455	0.0	word/prime/unprimed	1	1399455
1400.024	0.0	nonword/target	10	1400024
1402.112	0.0	n/a	128	1402112
1402.598	0.0	word/prime/unprimed	1	1402598
1403.434	0.0	word/target/unprimed	2	1403434
1406.459	0.0	n/a	128	1406459
1406.727	0.0	word/prime/unprimed	1	1406727
1407.279	0.0	nonword/target	10	1407279
1408.982	0.0	n/a	128	1408982
1409.217	0.0	word/prime/unprimed	1	1409217
1409.803	0.0	nonword/target	10	1409803
1411.573	0.0	n/a	128	1411573
1411.925	0.0	word/prime/unprimed	1	1411925
1412.428	0.0	nonword/target	10	1412428
1414.164	0.0	n/a	128	1414164
1414.466	0.0	word/prime/unprimed	1	1414466
1415.052	0.0	nonword/target	10	1415052
1416.705	0.0	n/a	128	1416705
1416.957	0.0	nonword/prime	9	1416957
1418.627	0.0	n/a	128	1418627
1418.863	0.0	word/prime/unprimed	1	1418863
1419.415	0.0	nonword/target	10	1419415
1421.051	0.0	n/a	128	1421051
1421.287	0.0	word/prime/primed	5	1421287
1421.923	0.0	word/target/primed	6	1421923
1424.06	0.0	n/a	128	1424060
1424.363	0.0	word/prime/unprimed	1	1424363
1424.865	0.0	nonword/target	10	1424865
1426.417	0.0	n/a	128	1426417
1427.288	0.0	nonword/prime	9	1427288
1428.925	0.0	n/a	128	1428925
1430.414	0.0	word/prime/unprimed	1	1430414
1431.016	0.0	nonword/target	10	1431016
1432.669	0.0	n/a	128	1432669
1433.055	0.0	nonword/prime	9	1433055
1435.494	0.0	n/a	128	1435494
1435.863	0.0	word/prime/unprimed	1	1435863
1436.416	0.0	word/target/unprimed	2	1436416
1438.47	0.0	n/a	128	1438470
1438.805	0.0	word/prime/unprimed	1	1438805
1439.575	0.0	nonword/target	10	1439575
1441.261	0.0	n/a	128	1441261
1441.547	0.0	word/prime/unprimed	1	1441547
1442.183	0.0	word/target/unprimed	2	1442183
1444.337	0.0	n/a	128	1444337
1444.589	0.0	word/prime/unprimed	1	1444589
1445.125	0.0	nonword/target	10	1445125
1446.644	0.0	n/a	128	1446644
1446.913	0.0	word/prime/unprimed	1	1446913
1447.449	0.0	word/target/unprimed	2	1447449
1450.907	0.0	n/a	128	1450907
1452.028	0.0	word/prime/primed	5	1452028
1453.165	0.0	word/target/primed	6	1453165
1455.771	0.0	n/a	128	1455771
1456.107	0.0	word/prime/unprimed	1	1456107
1457.061	0.0	nonword/target	10	1457061
1458.797	0.0	n/a	128	1458797
1459.584	0.0	nonword/prime	9	1459584
1463.544	0.0	n/a	128	1463544
1464.031	0.0	word/prime/unprimed	1	1464031
1464.767	0.0	word/target/unprimed	2	1464767
1467.005	0.0	n/a	128	1467005
1467.323	0.0	word/prime/unprimed	1	1467323
1467.91	0.0	nonword/target	10	1467910
1470.95	0.0	n/a	128	1470950
1471.369	0.0	word/prime/unprimed	1	1471369
1471.888	0.0	word/target/unprimed	2	1471888
1475.012	0.0	n/a	128	1475012
1475.347	0.0	word/prime/primed	5	1475347
1476.686	0.0	word/target/primed	6	1476686
1478.723	0.0	n/a	128	1478723
1479.042	0.0	word/prime/unprimed	1	1479042
1479.544	0.0	word/target/unprimed	2	1479544
1481.665	0.0	n/a	128	1481665
1482.352	0.0	word/prime/unprimed	1	1482352
1482.904	0.0	word/target/unprimed	2	1482904
1485.058	0.0	n/a	128	1485058
1485.36	0.0	word/prime/unprimed	1	1485360
1485.93	0.0	nonword/target	10	1485930
1488.151	0.0	n/a	128	1488151
1488.537	0.0	word/prime/unprimed	1	1488537
1490.677	0.0	word/target/unprimed	2	1490677
1492.865	0.0	n/a	128	1492865
1493.134	0.0	word/prime/unprimed	1	1493134
1493.636	0.0	word/target/unprimed	2	1493636
1495.723	0.0	n/a	128	1495723
1496.193	0.0	word/prime/unprimed	1	1496193
1497.464	0.0	word/target/unprimed	2	1497464
1500.772	0.0	n/a	128	1500772
1501.342	0.0	word/prime/primed	5	1501342
1501.944	0.0	word/target/primed	6	1501944
1504.182	0.0	n/a	128	1504182
1504.417	0.0	word/prime/unprimed	1	1504417
1504.92	0.0	word/target/unprimed	2	1504920
1507.04	0.0	n/a	128	1507040
1507.325	0.0	word/prime/unprimed	1	1507325
1507.862	0.0	nonword/target	10	1507862
1509.548	0.0	n/a	128	1509548
1509.85	0.0	nonword/prime	9	1509850
1511.654	0.0	n/a	128	1511654
1511.889	0.0	word/prime/unprimed	1	1511889
1512.542	0.0	nonword/target	10	1512542
1514.111	0.0	n/a	128	1514111
1514.38	0.0	word/prime/unprimed	1	1514380
1515.066	0.0	word/target/unprimed	2	1515066
1517.404	0.0	n/a	128	1517404
1518.225	0.0	nonword/prime	9	1518225
1519.878	0.0	n/a	128	1519878
1520.114	0.0	word/prime/primed	5	1520114
1520.716	0.0	word/target/primed	6	1520716
1522.737	0.0	n/a	128	1522737
1522.989	0.0	nonword/prime	9	1522989
1524.76	0.0	n/a	128	1524760
1525.029	0.0	word/prime/unprimed	1	1525029
1525.631	0.0	word/target/unprimed	2	1525631
1527.852	0.0	n/a	128	1527852
1528.205	0.0	word/prime/unprimed	1	1528205
1528.707	0.0	nonword/target	10	1528707
1530.41	0.0	n/a	128	1530410
1530.645	0.0	word/prime/unprimed	1	1530645
1531.164	0.0	word/target/unprimed	2	1531164
1533.201	0.0	n/a	128	1533201
1533.437	0.0	word/prime/unprimed	1	1533437
1533.906	0.0	word/target/unprimed	2	1533906
1536.077	0.0	n/a	128	1536077
1536.881	0.0	nonword/prime	9	1536881
1538.918	0.0	n/a	128	1538918
1539.221	0.0	nonword/prime	9	1539221
1541.192	0.0	n/a	128	1541192
1541.461	0.0	word/prime/unprimed	1	1541461
1542.397	0.0	word/target/unprimed	2	1542397
1545.488	0.0	n/a	128	1545488
1545.74	0.0	word/prime/primed	5	1545740
1546.259	0.0	word/target/primed	6	1546259
1548.147	0.0	n/a	128	1548147
1548.448	0.0	word/prime/unprimed	1	1548448
1549.0	0.0	nonword/target	10	1549000
1550.636	0.0	n/a	128	1550636
1552.109	0.0	nonword/prime	9	1552109
1553.712	0.0	n/a	128	1553712
1555.619	0.0	word/prime/primed	5	1555619
1556.239	0.0	word/target/primed	6	1556239
1558.526	0.0	n/a	128	1558526
1558.846	0.0	nonword/prime	9	1558846
1560.599	0.0	n/a	128	1560599
1561.002	0.0	word/prime/unprimed	1	1561002
1561.555	0.0	word/target/unprimed	2	1561555
1563.792	0.0	n/a	128	1563792
1564.128	0.0	word/prime/unprimed	1	1564128
1564.664	0.0	word/target/unprimed	2	1564664
1566.768	0.0	n/a	128	1566768
1567.12	0.0	nonword/prime	9	1567120
1568.941	0.0	n/a	128	1568941
1569.226	0.0	word/prime/unprimed	1	1569226
1569.813	0.0	word/target/unprimed	2	1569813
1572.836	0.0	n/a	128	1572836
1573.071	0.0	nonword/prime	9	1573071
1574.808	0.0	n/a	128	1574808
1575.077	0.0	word/prime/unprimed	1	1575077
1575.579	0.0	nonword/target	10	1575579
1577.617	0.0	n/a	128	1577617
1577.886	0.0	word/prime/unprimed	1	1577886
1578.973	0.0	word/target/unprimed	2	1578973
1581.244	0.0	n/a	128	1581244
1581.664	0.0	word/prime/unprimed	1	1581664
1582.166	0.0	word/target/unprimed	2	1582166
1584.387	0.0	n/a	128	1584387
1584.706	0.0	word/prime/unprimed	1	1584706
1585.476	0.0	nonword/target	10	1585476
1587.463	0.0	n/a	128	1587463
1587.782	0.0	word/prime/unprimed	1	1587782
1588.284	0.0	nonword/target	10	1588284
1590.104	0.0	n/a	128	1590104
1590.924	0.0	word/prime/primed	5	1590924
1591.644	0.0	word/target/primed	6	1591644
1593.464	0.0	n/a	128	1593464
1593.816	0.0	word/prime/unprimed	1	1593816
1594.335	0.0	nonword/target	10	1594335
1596.924	0.0	n/a	128	1596924
1597.26	0.0	nonword/prime	9	1597260
1598.813	0.0	n/a	128	1598813
1599.249	0.0	word/prime/unprimed	1	1599249
1599.818	0.0	nonword/target	10	1599818
1601.822	0.0	n/a	128	1601822
1602.074	0.0	word/prime/unprimed	1	1602074
1603.011	0.0	word/target/unprimed	2	1603011
1605.65	0.0	n/a	128	1605650
1605.952	0.0	word/prime/unprimed	1	1605952
1606.471	0.0	word/target/unprimed	2	1606471
1609.261	0.0	n/a	128	1609261
1609.53	0.0	word/prime/unprimed	1	1609530
1610.099	0.0	nonword/target	10	1610099
1611.685	0.0	n/a	128	1611685
1611.937	0.0	word/prime/primed	5	1611937
1612.523	0.0	word/target/primed	6	1612523
1614.61	0.0	n/a	128	1614610
1614.862	0.0	word/prime/unprimed	1	1614862
1615.381	0.0	word/target/unprimed	2	1615381
1617.485	0.0	n/a	128	1617485
1617.771	0.0	word/prime/unprimed	1	1617771
1618.256	0.0	nonword/target	10	1618256
1619.792	0.0	n/a	128	1619792
1620.027	0.0	word/prime/unprimed	1	1620027
1620.647	0.0	word/target/unprimed	2	1620647
1623.252	0.0	n/a	128	1623252
1623.655	0.0	word/prime/primed	5	1623655
1624.124	0.0	word/target/primed	6	1624124
1627.281	0.0	n/a	128	1627281
1628.72	0.0	word/prime/primed	5	1628720
1629.222	0.0	word/target/primed	6	1629222
1631.042	0.0	n/a	128	1631042
1631.345	0.0	word/prime/unprimed	1	1631345
1631.797	0.0	nonword/target	10	1631797
1633.299	0.0	n/a	128	1633299
1633.751	0.0	word/prime/unprimed	1	1633751
1634.572	0.0	word/target/unprimed	2	1634572
1637.445	0.0	n/a	128	1637445
1637.68	0.0	word/prime/unprimed	1	1637680
1638.099	0.0	word/target/unprimed	2	1638099
1640.169	0.0	n/a	128	1640169
1640.405	0.0	word/prime/primed	5	1640405
1640.89	0.0	word/target/primed	6	1640890
1643.513	0.0	n/a	128	1643513
1643.748	0.0	nonword/prime	9	1643748
1645.485	0.0	n/a	128	1645485
1645.737	0.0	nonword/prime	9	1645737
1647.357	0.0	n/a	128	1647357
1647.609	0.0	word/prime/unprimed	1	1647609
1648.313	0.0	nonword/target	10	1648313
1650.182	0.0	n/a	128	1650182
1650.535	0.0	word/prime/unprimed	1	1650535
1651.071	0.0	nonword/target	10	1651071
1652.807	0.0	n/a	128	1652807
1654.363	0.0	word/prime/unprimed	1	1654363
1654.865	0.0	nonword/target	10	1654865
1656.434	0.0	n/a	128	1656434
1656.737	0.0	nonword/prime	9	1656737
1658.674	0.0	n/a	128	1658674
1658.926	0.0	word/prime/primed	5	1658926
1659.462	0.0	word/target/primed	6	1659462
1661.767	0.0	n/a	128	1661767
1662.052	0.0	word/prime/unprimed	1	1662052
1663.123	0.0	nonword/target	10	1663123
1664.826	0.0	n/a	128	1664826
1665.078	0.0	word/prime/unprimed	1	1665078
1665.647	0.0	word/target/unprimed	2	1665647
1668.036	0.0	n/a	128	1668036
1668.405	0.0	word/prime/primed	5	1668405
1669.041	0.0	word/target/primed	6	1669041
1670.944	0.0	n/a	128	1670944
1671.213	0.0	word/prime/primed	5	1671213
1671.665	0.0	word/target/primed	6	1671665
1673.502	0.0	n/a	128	1673502
1673.77	0.0	word/prime/unprimed	1	1673770
1674.239	0.0	nonword/target	10	1674239
1675.859	0.0	n/a	128	1675859
1676.111	0.0	word/prime/unprimed	1	1676111
1676.646	0.0	nonword/target	10	1676646
1678.5	0.0	n/a	128	1678500
1678.835	0.0	nonword/prime	9	1678835
1680.556	0.0	n/a	128	1680556
1680.858	0.0	word/prime/unprimed	1	1680858
1681.444	0.0	word/target/unprimed	2	1681444
1684.183	0.0	n/a	128	1684183
1684.603	0.0	word/prime/unprimed	1	1684603
1685.055	0.0	nonword/target	10	1685055
1686.758	0.0	n/a	128	1686758
1687.027	0.0	word/prime/unprimed	1	1687027
1687.445	0.0	word/target/unprimed	2	1687445
1689.7	0.0	n/a	128	1689700
1689.935	0.0	nonword/prime	9	1689935
1691.355	0.0	n/a	128	1691355
1691.59	0.0	word/prime/unprimed	1	1691590
1692.193	0.0	nonword/target	10	1692193
1693.628	0.0	n/a	128	1693628
1693.88	0.0	nonword/prime	9	1693880
1695.567	0.0	n/a	128	1695567
1695.803	0.0	word/prime/primed	5	1695803
1696.372	0.0	word/target/primed	6	1696372
1698.376	0.0	n/a	128	1698376
1698.627	0.0	nonword/prime	9	1698627
1700.365	0.0	n/a	128	1700365
1700.6	0.0	word/prime/primed	5	1700600
1701.353	0.0	word/target/primed	6	1701353
1703.457	0.0	n/a	128	1703457
1703.71	0.0	word/prime/unprimed	1	1703710
1704.128	0.0	nonword/target	10	1704128
1705.814	0.0	n/a	128	1705814
1706.049	0.0	word/prime/unprimed	1	1706049
1706.686	0.0	nonword/target	10	1706686
1708.355	0.0	n/a	128	1708355
1708.607	0.0	nonword/prime	9	1708607
1710.562	0.0	n/a	128	1710562
1711.483	0.0	nonword/prime	9	1711483
1713.119	0.0	n/a	128	1713119
1713.371	0.0	word/prime/primed	5	1713371
1714.141	0.0	word/target/primed	6	1714141
1716.379	0.0	n/a	128	1716379
1716.715	0.0	word/prime/unprimed	1	1716715
1717.267	0.0	nonword/target	10	1717267
1718.92	0.0	n/a	128	1718920
1719.172	0.0	word/prime/primed	5	1719172
1719.674	0.0	word/target/primed	6	1719674
1721.578	0.0	n/a	128	1721578
1721.847	0.0	word/prime/unprimed	1	1721847
1722.266	0.0	nonword/target	10	1722266
1723.684	0.0	n/a	128	1723684
1723.953	0.0	word/prime/unprimed	1	1723953
1724.472	0.0	nonword/target	10	1724472
1726.526	0.0	n/a	128	1726526
1726.945	0.0	word/prime/unprimed	1	1726945
1727.481	0.0	word/target/unprimed	2	1727481
1729.986	0.0	n/a	128	1729986
1730.372	0.0	nonword/prime	9	1730372
1732.159	0.0	n/a	128	1732159
1732.595	0.0	word/prime/unprimed	1	1732595
1733.098	0.0	nonword/target	10	1733098
1734.7	0.0	n/a	128	1734700
1735.036	0.0	word/prime/primed	5	1735036
1735.856	0.0	word/target/primed	6	1735856
1739.799	0.0	n/a	128	1739799
1740.101	0.0	nonword/prime	9	1740101